g1,"rgb(166, 171, 211)"
DaniloGentili,"rgb(127, 179, 195)"
felipeneto,"rgb(193, 154, 184)"
jairbolsonaro,"rgb(112, 180, 180)"
rafinhabastos,"rgb(162, 173, 214)"
realwbonner,"rgb(163, 173, 213)"
folha,"rgb(178, 164, 199)"
Estadao,"rgb(170, 169, 207)"
JornalOGlobo,"rgb(168, 170, 209)"
VEJA,"rgb(159, 176, 217)"
MarceloTas,"rgb(164, 172, 212)"
LucianoHuck,"rgb(161, 175, 216)"
evaristocosta,"rgb(169, 169, 208)"
GloboNews,"rgb(164, 172, 212)"
marcosmion,"rgb(156, 178, 220)"
dilmabr,"rgb(195, 153, 182)"
Haddad_Fernando,"rgb(212, 143, 167)"
programapanico,"rgb(143, 178, 209)"
MarceloAdnet,"rgb(186, 159, 192)"
SF_Moro,"rgb(122, 179, 190)"
bbcbrasil,"rgb(178, 164, 199)"
jornalnacional,"rgb(163, 173, 214)"
LulaOficial,"rgb(209, 145, 169)"
oatila,"rgb(199, 151, 179)"
GabrielaPrioli,"rgb(201, 150, 177)"
PaolaCarosella,"rgb(200, 150, 178)"
UOLNoticias,"rgb(171, 168, 206)"
RevistaEpoca,"rgb(163, 173, 213)"
alexandregarcia,"rgb(97, 180, 166)"
ManuelaDavila,"rgb(215, 141, 163)"
jose_simao,"rgb(179, 164, 199)"
QuebrandoOTabu,"rgb(206, 147, 172)"
sensacionalista,"rgb(192, 155, 186)"
BolsonaroSP,"rgb(94, 180, 163)"
GuilhermeBoulos,"rgb(220, 138, 158)"
portalR7,"rgb(155, 178, 221)"
STF_oficial,"rgb(159, 176, 217)"
emicida,"rgb(210, 144, 168)"
nilmoretto,"rgb(195, 153, 182)"
PBiaL,"rgb(167, 171, 210)"
cirogomes,"rgb(198, 151, 180)"
gduvivier,"rgb(215, 141, 164)"
policiafederal,"rgb(121, 179, 189)"
CarlosBolsonaro,"rgb(94, 180, 163)"
GeneralMourao,"rgb(107, 180, 176)"
MarinaSilva,"rgb(179, 163, 198)"
TheInterceptBr,"rgb(216, 141, 163)"
Marcelodedois,"rgb(213, 143, 166)"
CdNLeon,"rgb(183, 161, 194)"
cleytu,"rgb(187, 158, 190)"
cartacapital,"rgb(200, 151, 178)"
miriamleitao,"rgb(170, 169, 206)"
MarceloFreixo,"rgb(215, 141, 163)"
UOL,"rgb(170, 169, 207)"
FlavioBolsonaro,"rgb(94, 180, 163)"
gugachacra,"rgb(179, 163, 198)"
SBTonline,"rgb(147, 178, 213)"
OscarFilho,"rgb(161, 175, 216)"
valoreconomico,"rgb(163, 173, 213)"
paulocoelho,"rgb(180, 162, 197)"
RomarioOnze,"rgb(155, 178, 221)"
RevistaISTOE,"rgb(159, 175, 217)"
ggreenwald,"rgb(221, 137, 158)"
IzaReal,"rgb(200, 150, 178)"
exercitooficial,"rgb(102, 180, 171)"
monicabergamo,"rgb(190, 156, 188)"
MidiaNINJA,"rgb(223, 136, 156)"
CNNBrasil,"rgb(155, 178, 221)"
o_antagonista,"rgb(120, 179, 188)"
andrizek,"rgb(178, 164, 199)"
Miltonneves,"rgb(122, 179, 190)"
nathfinancas,"rgb(221, 137, 158)"
euclarice,"rgb(214, 142, 165)"
SenadoFederal,"rgb(155, 178, 221)"
xicosa,"rgb(210, 144, 169)"
deltanmd,"rgb(104, 180, 173)"
elpais_brasil,"rgb(208, 146, 171)"
roxmo,"rgb(88, 180, 158)"
planalto,"rgb(140, 179, 207)"
AnaPaulaVolei,"rgb(80, 181, 150)"
RachelSherazade,"rgb(153, 178, 219)"
FMouraBrasil,"rgb(106, 180, 175)"
AndreiaSadi,"rgb(167, 171, 209)"
minsaude,"rgb(151, 178, 217)"
OdeCarvalho,"rgb(86, 180, 155)"
augustosnunes,"rgb(89, 180, 159)"
jeanwyllys_real,"rgb(217, 140, 161)"
diImabr,"rgb(212, 143, 166)"
camaradeputados,"rgb(156, 178, 220)"
MPF_PGR,"rgb(136, 179, 203)"
Gen_VillasBoas,"rgb(92, 180, 161)"
DamaresAlves,"rgb(86, 180, 156)"
reinaldoazevedo,"rgb(174, 166, 203)"
AbrahamWeint,"rgb(83, 181, 153)"
joaquimboficial,"rgb(160, 175, 217)"
lacerda,"rgb(199, 151, 179)"
radiobandnewsfm,"rgb(161, 175, 216)"
cristilobo,"rgb(161, 174, 215)"
gen_heleno,"rgb(85, 180, 155)"
Brunozor,"rgb(200, 150, 178)"
caitomainier,"rgb(209, 145, 169)"
JusticaGovBR,"rgb(127, 179, 194)"
HistoriaNoPaint,"rgb(203, 149, 175)"
revistapiaui,"rgb(198, 151, 180)"
zehdeabreu,"rgb(220, 138, 159)"
CarlaZambelli38,"rgb(86, 180, 156)"
joaoamoedonovo,"rgb(118, 179, 186)"
slpng_giants_pt,"rgb(215, 141, 164)"
DanielSFurlan,"rgb(211, 144, 167)"
STJnoticias,"rgb(155, 178, 221)"
titimuller,"rgb(212, 143, 167)"
ernestofaraujo,"rgb(84, 181, 154)"
lhmandetta,"rgb(139, 179, 206)"
eikebatista,"rgb(157, 177, 219)"
veramagalhaes,"rgb(167, 171, 210)"
davidmirandario,"rgb(229, 133, 151)"
gcamarotti,"rgb(156, 178, 220)"
BlogdoNoblat,"rgb(177, 164, 200)"
jdoriajr,"rgb(138, 179, 205)"
cariocadelegado,"rgb(106, 180, 174)"
chico_pinheiro,"rgb(193, 155, 185)"
onyxlorenzoni,"rgb(90, 180, 159)"
tarcisiogdf,"rgb(80, 181, 150)"
joseserra_,"rgb(159, 176, 218)"
YuriMarcal,"rgb(219, 139, 160)"
veraholtzirreal,"rgb(216, 141, 163)"
tvcultura,"rgb(181, 162, 196)"
BlogdoJuca,"rgb(181, 162, 196)"
MagnoMalta,"rgb(85, 180, 155)"
JanainaDoBrasil,"rgb(105, 180, 174)"
RodrigoMaia,"rgb(162, 174, 215)"
SargentoFAHUR,"rgb(75, 181, 145)"
GreenpeaceBR,"rgb(184, 160, 194)"
MichelTemer,"rgb(146, 178, 212)"
LeandroRamos,"rgb(217, 140, 162)"
Ricamconsult,"rgb(126, 179, 193)"
kimpkat,"rgb(98, 180, 167)"
Juninhope08,"rgb(201, 150, 178)"
CNJ_oficial,"rgb(158, 176, 218)"
conexaopolitica,"rgb(76, 181, 147)"
leandraleal,"rgb(205, 147, 173)"
luciano_hang,"rgb(74, 181, 144)"
lpbragancabr,"rgb(69, 181, 140)"
PastorMalafaia,"rgb(111, 180, 180)"
LeoJaime,"rgb(180, 163, 197)"
samiabomfim,"rgb(226, 134, 153)"
anterogreco,"rgb(188, 158, 190)"
observatorio,"rgb(191, 156, 186)"
fab_oficial,"rgb(105, 180, 174)"
MonicaWaldvogel,"rgb(163, 173, 213)"
MBLivre,"rgb(99, 180, 168)"
Ancelmocom,"rgb(171, 168, 206)"
catracalivre,"rgb(190, 157, 188)"
LaerteCoutinho1,"rgb(229, 132, 150)"
DefesaGovBr,"rgb(120, 179, 188)"
benebarbosa_mvb,"rgb(65, 181, 136)"
arthurmoledoval,"rgb(88, 180, 157)"
Biakicis,"rgb(75, 181, 146)"
FlavioDino,"rgb(221, 137, 158)"
marmilbr,"rgb(105, 180, 174)"
MinEconomia,"rgb(126, 179, 194)"
JornaldoBrasil,"rgb(172, 168, 205)"
GFiuza_Oficial,"rgb(75, 181, 145)"
esuplicy,"rgb(217, 140, 161)"
LeoLins,"rgb(118, 179, 186)"
tabataamaralsp,"rgb(187, 158, 190)"
demori,"rgb(223, 136, 156)"
jnflesch,"rgb(212, 143, 166)"
VillaMarcovilla,"rgb(128, 179, 195)"
mariana_godoy,"rgb(174, 166, 202)"
allantercalivre,"rgb(67, 181, 138)"
Astro_Pontes,"rgb(83, 181, 153)"
opropriolavo,"rgb(78, 181, 148)"
jairmearrependi,"rgb(225, 135, 154)"
caetanoveloso,"rgb(205, 148, 174)"
rsallesmma,"rgb(77, 181, 147)"
astridfontenell,"rgb(184, 160, 193)"
bernardopkuster,"rgb(65, 181, 136)"
ptbrasil,"rgb(213, 142, 166)"
Rconstantino,"rgb(86, 180, 155)"
gleisi,"rgb(205, 147, 173)"
J_LIVRES,"rgb(228, 133, 152)"
taliriapetrone,"rgb(231, 131, 148)"
filgmartin,"rgb(68, 181, 139)"
DatenaOficial,"rgb(145, 178, 212)"
ArthurWeint,"rgb(72, 181, 143)"
GauchaZH,"rgb(168, 170, 208)"
euleodias,"rgb(147, 178, 213)"
leandroruschel,"rgb(68, 181, 139)"
chicobarney,"rgb(197, 152, 181)"
lf_ponde,"rgb(108, 180, 177)"
mcbretas,"rgb(87, 180, 157)"
GeracaodeValor,"rgb(107, 180, 176)"
EstadaoPolitica,"rgb(166, 171, 210)"
geraldoalckmin,"rgb(155, 178, 221)"
AlfinetePeixoto,"rgb(154, 178, 220)"
JoaquinTeixeira,"rgb(87, 180, 157)"
diogomainardi,"rgb(128, 179, 195)"
TSEjusbr,"rgb(152, 178, 218)"
kaiquebritor,"rgb(225, 135, 154)"
RevistaTerca,"rgb(67, 181, 138)"
ONUBrasil,"rgb(186, 159, 191)"
Desesquerdizada,"rgb(75, 181, 145)"
foIha_sp,"rgb(90, 180, 159)"
OGloboPolitica,"rgb(167, 170, 209)"
RicaPerrone,"rgb(103, 180, 172)"
BoletimCoppolla,"rgb(74, 181, 144)"
NexoJornal,"rgb(205, 147, 173)"
jandira_feghali,"rgb(222, 137, 157)"
mariadorosario,"rgb(216, 140, 162)"
EduardoJorge,"rgb(184, 160, 194)"
marcelorubens,"rgb(208, 145, 170)"
RenovaMidia,"rgb(75, 181, 145)"
malvados,"rgb(220, 138, 159)"
marcelvanhattem,"rgb(78, 181, 149)"
silviolual,"rgb(224, 135, 155)"
Sen_Cristovam,"rgb(173, 167, 204)"
natalyneri,"rgb(235, 129, 145)"
MEC_Comunicacao,"rgb(153, 178, 219)"
blogdosakamoto,"rgb(224, 136, 155)"
AecioNeves,"rgb(147, 178, 214)"
tercalivre,"rgb(67, 181, 138)"
ronaldocaiado,"rgb(111, 180, 179)"
safbf,"rgb(234, 130, 146)"
ConversaAfiada,"rgb(216, 141, 163)"
JovemPanNews,"rgb(119, 179, 187)"
govbr,"rgb(110, 180, 178)"
aguinaldaosilva,"rgb(146, 178, 213)"
KennedyAlencar,"rgb(200, 151, 178)"
bicmuller,"rgb(213, 143, 166)"
marcofeliciano,"rgb(94, 180, 163)"
XadrezVerbal,"rgb(206, 147, 173)"
petrobras,"rgb(168, 170, 208)"
folha_poder,"rgb(175, 166, 202)"
lucianagenro,"rgb(218, 139, 161)"
lobaoeletrico,"rgb(122, 179, 190)"
luisnassif,"rgb(214, 142, 165)"
petracostal,"rgb(226, 134, 153)"
LeonardoBoff,"rgb(222, 137, 157)"
agencialupa,"rgb(196, 153, 182)"
psol50,"rgb(224, 135, 155)"
TerezaCrisMS,"rgb(81, 181, 151)"
CarvalhosaMo,"rgb(77, 181, 147)"
BandJornalismo,"rgb(161, 174, 215)"
rosana,"rgb(197, 152, 181)"
beltraomaria,"rgb(165, 172, 211)"
delucca,"rgb(230, 132, 150)"
raulchequer,"rgb(218, 139, 161)"
clapiclapiclapi,"rgb(213, 143, 166)"
correio,"rgb(169, 169, 208)"
Francischini_,"rgb(77, 181, 147)"
andretrig,"rgb(186, 159, 191)"
louieponto,"rgb(234, 130, 146)"
brumelianebrum,"rgb(224, 136, 155)"
alexandrekalil,"rgb(159, 176, 218)"
brunnosarttori,"rgb(214, 142, 165)"
radaronline,"rgb(158, 176, 218)"
VICEBRASIL,"rgb(222, 137, 157)"
jrguzzofatos,"rgb(79, 181, 149)"
revistaforum,"rgb(219, 139, 160)"
somosalianca,"rgb(66, 181, 137)"
JotaInfo,"rgb(170, 169, 207)"
brasil247,"rgb(216, 140, 163)"
anttrindade,"rgb(218, 140, 161)"
partidonovo30,"rgb(110, 180, 178)"
joicehasselmann,"rgb(118, 179, 186)"
jose_neumanne,"rgb(101, 180, 170)"
CBNoficial,"rgb(161, 174, 215)"
anaamelialemos,"rgb(99, 180, 168)"
carlosjordy,"rgb(68, 181, 138)"
davialcolumbre,"rgb(124, 179, 192)"
ECantanhede,"rgb(156, 177, 220)"
lucasrohan,"rgb(209, 145, 170)"
chico_psol,"rgb(218, 139, 160)"
aosfatos,"rgb(203, 148, 175)"
cynaramenezes,"rgb(230, 132, 150)"
SenadorKajuru,"rgb(126, 179, 194)"
Caixa,"rgb(154, 178, 220)"
Savagefiction,"rgb(229, 133, 150)"
FernandoHoliday,"rgb(87, 180, 157)"
NA,"rgb(233, 130, 147)"
g1politica,"rgb(163, 173, 213)"
congemfoco,"rgb(184, 160, 193)"
mauriciostycer,"rgb(185, 159, 192)"
lauraabcarvalho,"rgb(222, 137, 157)"
JorgePontual,"rgb(162, 174, 215)"
GMonteiroRJ,"rgb(71, 181, 142)"
lelispatricia,"rgb(221, 137, 158)"
CarolDeToni,"rgb(68, 181, 138)"
PauloMartins10,"rgb(68, 181, 139)"
LedaNagle,"rgb(126, 179, 194)"
Cecillia,"rgb(225, 135, 154)"
OlavoOpressor,"rgb(76, 181, 146)"
andreazzaeditor,"rgb(135, 179, 202)"
OsmarTerra,"rgb(79, 181, 149)"
NatuzaNery,"rgb(167, 170, 209)"
NA,"rgb(68, 181, 138)"
IvanValente,"rgb(225, 135, 154)"
alexnero,"rgb(201, 150, 177)"
AdvocaciaGeral,"rgb(144, 178, 211)"
sensoinc,"rgb(67, 181, 138)"
depheliolopes,"rgb(67, 181, 138)"
NA,"rgb(227, 134, 152)"
anapaulaaraujo,"rgb(166, 171, 210)"
prevtrabalho,"rgb(155, 178, 221)"
alvarodias_,"rgb(121, 179, 189)"
majorolimpio,"rgb(96, 180, 165)"
camposmello,"rgb(205, 147, 173)"
TVBrasil,"rgb(181, 162, 197)"
flaviaol,"rgb(201, 150, 177)"
FHC,"rgb(171, 168, 206)"
ricardovelez,"rgb(76, 181, 146)"
luizaerundina,"rgb(227, 134, 152)"
barbaragancia,"rgb(197, 152, 181)"
JornalismoWando,"rgb(227, 134, 152)"
revistatrip,"rgb(188, 158, 190)"
filipebarrost,"rgb(67, 181, 138)"
sbtjornalismo,"rgb(144, 178, 211)"
CulturaGovBr,"rgb(185, 160, 193)"
ItamaratyGovBr,"rgb(136, 179, 203)"
claudioedantas,"rgb(98, 180, 167)"
ReceitaFederal,"rgb(143, 178, 210)"
CorrupcaoMemes,"rgb(79, 181, 149)"
wilsonwitzel,"rgb(112, 180, 181)"
realsardenberg,"rgb(139, 179, 205)"
BancodoBrasil,"rgb(163, 173, 213)"
gilmarmendes,"rgb(167, 170, 209)"
lindberghfarias,"rgb(212, 143, 167)"
agenciapublica,"rgb(216, 141, 163)"
etironi,"rgb(163, 173, 214)"
vozdacomunidade,"rgb(201, 150, 177)"
luizguiprado,"rgb(227, 134, 152)"
CaboDaciolo,"rgb(147, 178, 213)"
elikatakimoto,"rgb(231, 131, 148)"
BuzzFeedNewsBR,"rgb(206, 147, 172)"
AiltonBenedito,"rgb(63, 181, 134)"
GeorgMarques,"rgb(219, 139, 160)"
RomeuZema,"rgb(106, 180, 174)"
AmendoncaMJSP,"rgb(79, 181, 149)"
Iadroes,"rgb(76, 181, 146)"
MussumAlive,"rgb(207, 146, 172)"
HaddadDebochado,"rgb(225, 135, 154)"
folhailustrada,"rgb(183, 161, 195)"
taoquei1,"rgb(64, 181, 135)"
Glauber_Braga,"rgb(231, 132, 149)"
amandafaudi,"rgb(224, 136, 155)"
LeilaneNeubarth,"rgb(163, 173, 213)"
lolaescreva,"rgb(236, 128, 144)"
mizanzuk,"rgb(226, 134, 153)"
JornalBSM,"rgb(63, 181, 134)"
luislacombereal,"rgb(67, 181, 138)"
MauricioRicardo,"rgb(179, 163, 198)"
Bob_Fernandes,"rgb(221, 137, 158)"
laurojardim,"rgb(165, 172, 212)"
meteoro_br,"rgb(226, 134, 153)"
alex_borges,"rgb(83, 181, 152)"
SoniaBridi,"rgb(180, 163, 197)"
VemPraRua_br,"rgb(92, 180, 162)"
henrybugalho,"rgb(221, 138, 158)"
moura_101,"rgb(84, 181, 154)"
zdoficial,"rgb(210, 144, 169)"
Jujuca1987,"rgb(227, 134, 152)"
CGUonline,"rgb(145, 178, 212)"
brasil_paralelo,"rgb(60, 181, 131)"
Vinheteiro,"rgb(79, 181, 149)"
depretas,"rgb(233, 130, 147)"
MInfraestrutura,"rgb(89, 180, 159)"
RevistaCrusoe,"rgb(108, 180, 176)"
PolitzOficial,"rgb(66, 181, 136)"
BancoCentralBR,"rgb(142, 178, 209)"
Ticostacruz,"rgb(198, 152, 180)"
peterjordan100,"rgb(77, 181, 147)"
DeputadoFederal,"rgb(223, 136, 156)"
GenPauloChagas,"rgb(74, 181, 144)"
TeichNelson,"rgb(97, 180, 166)"
MST_Oficial,"rgb(233, 130, 146)"
Debora_D_Diniz,"rgb(230, 132, 149)"
gazetadopovo,"rgb(119, 179, 187)"
RaquelStasiaki,"rgb(61, 181, 132)"
cartamaior,"rgb(223, 136, 156)"
samydana,"rgb(121, 179, 188)"
winniebueno,"rgb(230, 132, 149)"
bollemdb,"rgb(202, 149, 176)"
DanielaLima_,"rgb(184, 160, 194)"
alessandromolon,"rgb(215, 141, 164)"
DCM_online,"rgb(221, 137, 158)"
Clauwild1,"rgb(57, 181, 128)"
CanalHipocritas,"rgb(58, 181, 130)"
republica_ctba,"rgb(68, 181, 139)"
bndes,"rgb(151, 178, 217)"
brasildefato,"rgb(226, 134, 153)"
secomvc,"rgb(76, 181, 146)"
DouglasGarcia,"rgb(61, 181, 132)"
profpaulamarisa,"rgb(60, 181, 131)"
requiaopmdb,"rgb(215, 141, 164)"
_pinheira,"rgb(225, 135, 154)"
inep_oficial,"rgb(173, 167, 204)"
cialetras,"rgb(204, 148, 174)"
mariosabinof,"rgb(96, 180, 165)"
diguinhocoruja,"rgb(109, 180, 177)"
raullsantiago,"rgb(228, 133, 151)"
LorenzonItalo,"rgb(61, 181, 132)"
EuSouMBC,"rgb(58, 181, 129)"
BernardoMF,"rgb(205, 148, 174)"
MTurismo,"rgb(155, 178, 221)"
inst_lula,"rgb(219, 139, 160)"
blogdojosias,"rgb(159, 176, 218)"
carteiroreaca,"rgb(60, 181, 131)"
ibgecomunica,"rgb(171, 168, 206)"
blogdopannunzio,"rgb(206, 147, 172)"
robertocabrini,"rgb(123, 179, 191)"
BrunoGarschagen,"rgb(68, 181, 139)"
PSL_Nacional,"rgb(80, 181, 150)"
AdrillesRJorge,"rgb(79, 181, 149)"
linndaquebrada,"rgb(234, 130, 146)"
hmcpedro,"rgb(219, 139, 160)"
DoraKramer,"rgb(158, 176, 218)"
marcogomes,"rgb(208, 145, 170)"
geraldomiotto,"rgb(82, 181, 152)"
sandraacoutinho,"rgb(156, 177, 220)"
uneoficial,"rgb(225, 135, 154)"
dw_brasil,"rgb(197, 152, 180)"
sergiodireita1,"rgb(62, 181, 133)"
patriciapillar,"rgb(219, 139, 160)"
eduardopaes_,"rgb(174, 166, 202)"
DepEduardoCunha,"rgb(143, 178, 210)"
silvionavarro,"rgb(77, 181, 147)"
MajorVitorHugo,"rgb(71, 181, 141)"
mmeioambiente,"rgb(150, 178, 217)"
blogdojefferson,"rgb(71, 181, 142)"
nadanovonofront,"rgb(227, 134, 153)"
eduardomoreira,"rgb(219, 139, 160)"
geocaio,"rgb(236, 129, 144)"
SergioAguiar07,"rgb(148, 178, 214)"
RejanePaiva,"rgb(57, 181, 128)"
memescomuna,"rgb(229, 132, 150)"
gerdwenzel,"rgb(199, 151, 179)"
ronaldrios,"rgb(203, 149, 175)"
kribshna,"rgb(227, 134, 152)"
camilabomfim,"rgb(157, 177, 220)"
caioblinder,"rgb(149, 178, 215)"
aguedescartoon,"rgb(81, 181, 151)"
escolasempartid,"rgb(62, 181, 133)"
jornaldarecord,"rgb(129, 179, 197)"
minc_rj,"rgb(222, 137, 157)"
ultrajano,"rgb(220, 138, 159)"
thaisheredia,"rgb(151, 178, 218)"
VIOMUNDO,"rgb(226, 134, 153)"
flaviogordon,"rgb(61, 181, 132)"
emirsader,"rgb(229, 133, 151)"
laurentinogomes,"rgb(178, 164, 199)"
JamilChade,"rgb(205, 147, 173)"
diegoescosteguy,"rgb(139, 179, 206)"
pauloteixeira13,"rgb(226, 134, 153)"
tumaoficial,"rgb(93, 180, 162)"
ipeaonline,"rgb(180, 163, 197)"
reportersalles,"rgb(59, 181, 130)"
em_com,"rgb(164, 173, 213)"
ludmilagrilo,"rgb(62, 181, 133)"
tijolaco,"rgb(225, 135, 154)"
assimdisseojoao,"rgb(229, 133, 151)"
rosedbarros,"rgb(70, 181, 141)"
NAOKAHLO,"rgb(238, 127, 142)"
randolfeap,"rgb(193, 154, 184)"
senadorhumberto,"rgb(214, 142, 165)"
alexandre,"rgb(162, 174, 214)"
tuliogadelha,"rgb(217, 140, 162)"
erikakokay,"rgb(227, 134, 152)"
tvcamara,"rgb(166, 171, 211)"
marciatiburi,"rgb(230, 132, 149)"
Damadeferroofic,"rgb(59, 181, 130)"
carlavilhenaa,"rgb(164, 172, 212)"
franca_rodrigo,"rgb(219, 139, 160)"
LiloVLOG,"rgb(53, 182, 125)"
DHumanosBrasil,"rgb(164, 173, 213)"
opovoonline,"rgb(174, 166, 203)"
MottaTarcisio,"rgb(230, 132, 149)"
GugaNoblat,"rgb(203, 148, 175)"
padre_paulo,"rgb(81, 181, 151)"
revistacult,"rgb(211, 144, 167)"
AntiCast,"rgb(225, 135, 154)"
andrefernm,"rgb(61, 181, 132)"
avozdobrasil,"rgb(168, 170, 209)"
TST_Oficial,"rgb(163, 173, 213)"
Ro_Moller,"rgb(68, 181, 138)"
_makavelijones,"rgb(240, 126, 140)"
oswaldojor,"rgb(62, 181, 133)"
xicograziano,"rgb(90, 180, 159)"
SorayaThronicke,"rgb(71, 181, 142)"
GeneralGirao,"rgb(72, 181, 142)"
Leoni_a_jato,"rgb(212, 143, 166)"
GuajajaraSonia,"rgb(235, 129, 145)"
Gen_Ex_Freitas,"rgb(80, 181, 150)"
albaexpider,"rgb(56, 182, 127)"
otempo,"rgb(164, 173, 213)"
malugaspar,"rgb(212, 143, 167)"
MauricioCostaRS,"rgb(57, 182, 128)"
SimoneTebetms,"rgb(100, 180, 169)"
marilizpj,"rgb(189, 157, 189)"
mitags,"rgb(67, 181, 138)"
fabifbbr,"rgb(62, 181, 133)"
FBN,"rgb(189, 157, 188)"
meirelles,"rgb(139, 179, 205)"
andrefran,"rgb(205, 147, 173)"
PSDBoficial,"rgb(155, 178, 221)"
flaviogomes69,"rgb(202, 149, 176)"
MinLuizRamos,"rgb(75, 181, 146)"
radardamidia,"rgb(59, 181, 130)"
pauloap,"rgb(62, 181, 133)"
EdGaarcia,"rgb(71, 181, 141)"
fernandapsol,"rgb(230, 132, 149)"
tarsogenro,"rgb(214, 142, 164)"
RitaLisauskas,"rgb(220, 138, 159)"
gabhebling,"rgb(219, 139, 160)"
lmegale,"rgb(151, 178, 217)"
pedrodoria,"rgb(184, 160, 194)"
hoje_no,"rgb(65, 181, 136)"
kimpaim,"rgb(55, 182, 127)"
GDimenstein,"rgb(201, 150, 177)"
aureacarolinax,"rgb(234, 129, 145)"
vanessa_grazz,"rgb(213, 143, 166)"
PCdoB_Oficial,"rgb(218, 140, 161)"
Real_TMavPlus,"rgb(56, 182, 127)"
jorgeofco,"rgb(69, 181, 140)"
VlogdoLisboa,"rgb(61, 181, 132)"
RGottino,"rgb(142, 178, 208)"
Jouberth19,"rgb(60, 181, 131)"
Lets_Dex,"rgb(55, 182, 126)"
startupdareal,"rgb(221, 138, 158)"
JoelPinheiro85,"rgb(166, 171, 211)"
padilhando,"rgb(214, 142, 165)"
MarceloCRedeTV,"rgb(69, 181, 139)"
casacivilbr,"rgb(116, 179, 184)"
LRobertoBarroso,"rgb(156, 177, 220)"
MiguelNicolelis,"rgb(222, 137, 157)"
KatiaAbreu,"rgb(189, 157, 188)"
huffpostbrasil,"rgb(211, 144, 168)"
MinCidadania,"rgb(132, 179, 200)"
CrissPaiva,"rgb(79, 181, 149)"
AlbuquerqueDavy,"rgb(61, 181, 132)"
zerotoledo,"rgb(205, 147, 173)"
delarabru,"rgb(228, 133, 151)"
professorigor,"rgb(57, 182, 128)"
BelinhaPoodleBR,"rgb(52, 182, 123)"
carloscezarcjr,"rgb(59, 181, 130)"
claraaverbuck,"rgb(229, 133, 151)"
betepacheco_,"rgb(156, 178, 220)"
juliaduailibi,"rgb(178, 164, 199)"
zeluizlhesdiz,"rgb(201, 150, 177)"
palmeriodoria,"rgb(230, 132, 150)"
Daniel_L_Lopez,"rgb(56, 182, 127)"
sergueirock,"rgb(207, 146, 171)"
midiasemmascara,"rgb(78, 181, 148)"
tradutores_br,"rgb(55, 182, 126)"
carapanarana,"rgb(233, 130, 146)"
TCUoficial,"rgb(161, 174, 215)"
rvianna,"rgb(227, 134, 152)"
pontejornalismo,"rgb(225, 135, 154)"
criticanac,"rgb(59, 181, 130)"
paulopaim,"rgb(213, 142, 166)"
Poder360,"rgb(167, 170, 209)"
tatikmd,"rgb(226, 134, 153)"
WinstonLing,"rgb(65, 181, 136)"
flaviofachel,"rgb(168, 170, 208)"
DireitaBrasil,"rgb(65, 181, 136)"
rodrigodasilva,"rgb(98, 180, 167)"
CrisMenshova,"rgb(57, 181, 128)"
czmartins,"rgb(223, 136, 156)"
MaraLuquet,"rgb(157, 177, 219)"
majorfabianadep,"rgb(64, 181, 134)"
br000na,"rgb(239, 126, 141)"
henriolliveira,"rgb(64, 181, 135)"
JoseMedeirosMT,"rgb(78, 181, 148)"
hilde_angel,"rgb(229, 133, 150)"
joelluiz_adv,"rgb(230, 132, 149)"
NPTO,"rgb(220, 138, 159)"
rogeriosmarinho,"rgb(83, 181, 153)"
mtst,"rgb(237, 128, 143)"
PatoCorporation,"rgb(236, 128, 144)"
JOAQUIMTEIXElRA,"rgb(88, 180, 158)"
fefito,"rgb(195, 154, 183)"
NaoInviabilize,"rgb(228, 133, 151)"
rehventura,"rgb(231, 131, 148)"
Rkrahenbuhl,"rgb(178, 164, 199)"
danielPMERJ,"rgb(61, 181, 132)"
ananiasfernanda,"rgb(53, 182, 125)"
dasilvabenedita,"rgb(229, 133, 151)"
PTnaCamara,"rgb(224, 135, 155)"
Rodrigo_Janot,"rgb(175, 166, 202)"
JesseSouzaecht,"rgb(234, 129, 145)"
CUT_Brasil,"rgb(230, 132, 149)"
Fasalles,"rgb(58, 181, 130)"
DraClaudiaBr,"rgb(57, 181, 129)"
rfalcao13,"rgb(214, 142, 165)"
CNPq_Oficial,"rgb(189, 157, 189)"
artur_slo,"rgb(71, 181, 141)"
renato_rovai,"rgb(232, 131, 147)"
exuliane,"rgb(220, 138, 159)"
N_Carvalheira,"rgb(78, 181, 148)"
pfnery,"rgb(128, 179, 195)"
BlogdoMiro,"rgb(230, 132, 150)"
stanleyburburin,"rgb(235, 129, 145)"
aeciodepapelao,"rgb(225, 135, 154)"
PTnoSenado,"rgb(224, 136, 155)"
salimmattarBR,"rgb(73, 181, 144)"
Minas_Energia,"rgb(147, 178, 214)"
eduguim,"rgb(231, 131, 148)"
FFrancischini_,"rgb(74, 181, 144)"
ViniciusPoit,"rgb(91, 180, 160)"
dariojjunior,"rgb(66, 181, 137)"
FariaLimaElevat,"rgb(127, 179, 195)"
MoniqueCheker,"rgb(119, 179, 187)"
operamundi,"rgb(226, 134, 153)"
GalTheophilo,"rgb(84, 181, 154)"
anacronices,"rgb(237, 128, 143)"
dimacgarcia,"rgb(58, 181, 129)"
AlexSchwartsman,"rgb(136, 179, 203)"
alesilva_38,"rgb(61, 181, 132)"
bibonunes1,"rgb(69, 181, 140)"
manubarem,"rgb(222, 137, 157)"
danilo_sanches,"rgb(209, 145, 169)"
fiscaldoibama,"rgb(222, 137, 157)"
anarcobs,"rgb(237, 128, 143)"
_rodrigomattos_,"rgb(160, 175, 216)"
renancalheiros,"rgb(177, 165, 200)"
tavasconcellos,"rgb(184, 160, 193)"
florestanjr,"rgb(231, 131, 148)"
cronai,"rgb(177, 165, 200)"
mctic,"rgb(131, 179, 199)"
acmneto_,"rgb(161, 174, 215)"
kellymatos,"rgb(167, 171, 210)"
DigitalGovBr,"rgb(155, 178, 221)"
torturra,"rgb(230, 132, 150)"
professorLFG,"rgb(153, 178, 219)"
viniciuscfp82,"rgb(62, 181, 133)"
jovensreacinhas,"rgb(234, 130, 146)"
redebrasilatual,"rgb(227, 134, 153)"
pirescarol,"rgb(215, 141, 164)"
heliobeltrao,"rgb(72, 181, 143)"
AsgardianaB38,"rgb(53, 182, 125)"
capitaoderrite,"rgb(66, 181, 137)"
ebcnarede,"rgb(184, 160, 194)"
zeca_dirceu,"rgb(227, 134, 152)"
antonioprata,"rgb(208, 145, 170)"
marcelloneves72,"rgb(54, 182, 125)"
millylacombe,"rgb(229, 132, 150)"
eduardobarao,"rgb(160, 175, 217)"
paulocruzphi,"rgb(85, 181, 154)"
fabiowoficial,"rgb(69, 181, 139)"
costa_rui,"rgb(210, 144, 168)"
spartakusvlog,"rgb(235, 129, 145)"
lnarloch,"rgb(87, 180, 157)"
josiasteofilo,"rgb(58, 181, 129)"
lasiermartins,"rgb(83, 181, 153)"
mjmacul_lima,"rgb(57, 182, 128)"
JMarcelo1000,"rgb(90, 180, 159)"
franciscomacsoa,"rgb(54, 182, 126)"
EduardoLeite_,"rgb(157, 177, 219)"
musaraujo,"rgb(238, 127, 141)"
mariomagalhaes_,"rgb(222, 137, 157)"
Ilisp_org,"rgb(84, 181, 154)"
LeticiaCatel,"rgb(60, 181, 131)"
TMaranhao,"rgb(182, 161, 195)"
ptnacional,"rgb(222, 137, 157)"
Fernuf91,"rgb(55, 182, 127)"
EduPrimitivo,"rgb(98, 180, 167)"
kellymenegas,"rgb(67, 181, 137)"
FatosEsquerda,"rgb(68, 181, 138)"
EsporteGovBR,"rgb(161, 174, 216)"
jaqueswagner,"rgb(217, 140, 162)"
marcosdoval,"rgb(76, 181, 146)"
jnascim,"rgb(220, 138, 159)"
cafecomferri,"rgb(99, 180, 168)"
FministaCansada,"rgb(239, 126, 141)"
RHPozzobon,"rgb(84, 181, 154)"
CmdoCMA,"rgb(87, 180, 156)"
cortininhas,"rgb(60, 181, 131)"
leonardocb11,"rgb(54, 182, 125)"
KendraChihaya,"rgb(56, 182, 127)"
mmarescast,"rgb(237, 128, 143)"
SPD_33,"rgb(64, 181, 135)"
apyus,"rgb(178, 164, 199)"
EderMauroPA,"rgb(60, 181, 131)"
revoltadoonline,"rgb(85, 180, 155)"
cinefilo_K,"rgb(236, 128, 144)"
marisa_lobo,"rgb(89, 180, 158)"
38CarlaValente_,"rgb(57, 181, 129)"
rosaneoliveira,"rgb(172, 167, 205)"
MDB_Nacional,"rgb(162, 173, 214)"
TesouroNacional,"rgb(140, 179, 206)"
Pragmatismo_,"rgb(234, 130, 146)"
Edgard_Piccoli,"rgb(177, 165, 200)"
NayaraFelizardo,"rgb(228, 133, 151)"
octavio_guedes,"rgb(180, 163, 197)"
blogfeministas,"rgb(240, 126, 140)"
UNBORNness,"rgb(70, 181, 140)"
Valdecirdelecl1,"rgb(51, 182, 123)"
brpolitico,"rgb(157, 177, 219)"
ValdoCruz,"rgb(157, 177, 219)"
GiseleDaminell2,"rgb(57, 181, 129)"
JornalGGN,"rgb(232, 131, 148)"
EmbraturNews,"rgb(160, 175, 216)"
deborabaldin_,"rgb(245, 123, 135)"
MCrivella,"rgb(134, 179, 201)"
taiguara_sousa,"rgb(55, 182, 126)"
taupeisha,"rgb(50, 182, 121)"
manuelkobel,"rgb(70, 181, 140)"
Fabi_Moller_,"rgb(60, 181, 131)"
CmdoCMS,"rgb(82, 181, 152)"
joaovitorxavier,"rgb(139, 179, 206)"
belacor_azul,"rgb(56, 182, 127)"
fatimabezerra,"rgb(216, 140, 163)"
msantoro1978,"rgb(212, 143, 166)"
marciolabre,"rgb(60, 181, 131)"
lucasberti,"rgb(217, 140, 162)"
ricardosetti,"rgb(127, 179, 195)"
DilmaResiste,"rgb(234, 129, 145)"
maikonkremer,"rgb(230, 132, 149)"
MarceloLins68,"rgb(186, 159, 192)"
rafaelcapanema,"rgb(217, 140, 161)"
atarde,"rgb(179, 163, 198)"
MarcioPochmann,"rgb(228, 133, 151)"
fabiofaria5555,"rgb(98, 180, 168)"
cabojunioamaral,"rgb(62, 181, 133)"
fiocruz,"rgb(188, 158, 190)"
AttuchLeonardo,"rgb(233, 130, 147)"
r_nog,"rgb(53, 182, 125)"
renatasouzario,"rgb(234, 130, 146)"
SergioCabralRJ,"rgb(174, 167, 203)"
RogerioCorreia_,"rgb(232, 131, 147)"
pauloganime,"rgb(89, 180, 158)"
TaclaDuran,"rgb(228, 133, 151)"
pejoseduardo,"rgb(64, 181, 135)"
madeleinelacsko,"rgb(148, 178, 214)"
wadih_damous,"rgb(230, 132, 149)"
OtoniDepFederal,"rgb(65, 181, 136)"
mariellefranco,"rgb(232, 131, 148)"
revistaoeste,"rgb(66, 181, 137)"
obsclima,"rgb(212, 143, 166)"
AndreiKampff,"rgb(163, 173, 213)"
Reguffe,"rgb(119, 179, 187)"
NAS_RUAS,"rgb(72, 181, 142)"
UOLPolitica,"rgb(170, 168, 206)"
Alanghani,"rgb(63, 181, 134)"
agendarep,"rgb(84, 181, 154)"
GLCampos_,"rgb(59, 181, 130)"
AndrewDFish,"rgb(227, 134, 152)"
pmoreiraleite,"rgb(223, 136, 156)"
jpcharleaux,"rgb(216, 140, 163)"
natbonavides,"rgb(236, 129, 144)"
Milla_Ofc17,"rgb(53, 182, 124)"
JoselitoMuller3,"rgb(84, 181, 154)"
EuSouLivres,"rgb(132, 179, 199)"
JFMargarida,"rgb(234, 130, 146)"
AnatelGovBR,"rgb(157, 177, 220)"
portalvermelho,"rgb(236, 128, 144)"
rafaelmmartins,"rgb(225, 135, 154)"
revolushow,"rgb(241, 125, 139)"
zoemartinez_05,"rgb(55, 182, 127)"
Collor,"rgb(153, 178, 219)"
HenriqueFontana,"rgb(225, 135, 155)"
HelioTelho,"rgb(109, 180, 178)"
turquim5,"rgb(234, 129, 145)"
AleYoussef,"rgb(208, 145, 170)"
Anastasia,"rgb(130, 179, 198)"
PDT_Nacional,"rgb(202, 149, 176)"
alefrota77,"rgb(181, 162, 197)"
maragabrilli,"rgb(125, 179, 193)"
Funarte,"rgb(203, 149, 175)"
camila_abdo,"rgb(52, 182, 124)"
Sisispsp,"rgb(56, 182, 127)"
goescarlos,"rgb(155, 178, 221)"
CamiloSantanaCE,"rgb(204, 148, 174)"
mdregional_br,"rgb(108, 180, 177)"
rodrigogurgel,"rgb(66, 181, 137)"
PastorLiomar,"rgb(60, 181, 131)"
brandao_suzana,"rgb(51, 182, 122)"
DonaReginaa,"rgb(52, 182, 123)"
patibaroli,"rgb(55, 182, 126)"
paulacamara_,"rgb(72, 181, 143)"
afrorevolt,"rgb(238, 127, 142)"
VladimirAras,"rgb(130, 179, 198)"
marcobellojr,"rgb(171, 168, 206)"
senadorcidgomes,"rgb(189, 157, 189)"
calubarros13,"rgb(238, 127, 141)"
rogerchequer,"rgb(94, 180, 163)"
bobjackk,"rgb(235, 129, 144)"
Pattyy_Ribeiro,"rgb(57, 182, 128)"
Haddad_Femando,"rgb(240, 126, 140)"
JJVieira6,"rgb(51, 182, 123)"
_Leitadas_Loen,"rgb(51, 182, 122)"
P_droMenezes,"rgb(149, 178, 216)"
martasuplicy_,"rgb(193, 155, 185)"
rogercipo,"rgb(229, 132, 150)"
FelipePedri,"rgb(56, 182, 128)"
mah13MC,"rgb(235, 129, 145)"
gen_paulosergio,"rgb(80, 181, 150)"
helderbarbalho,"rgb(177, 164, 200)"
silviogrimaldo,"rgb(51, 182, 123)"
maepatriota,"rgb(58, 181, 129)"
Arthurvneto,"rgb(155, 178, 221)"
PanichiRaphael,"rgb(73, 181, 144)"
Maufalavigna,"rgb(243, 124, 137)"
BlogNegras,"rgb(239, 127, 141)"
infraero,"rgb(140, 179, 207)"
RodZeidan,"rgb(191, 156, 186)"
JoaquinTex,"rgb(59, 181, 130)"
MudaMais,"rgb(236, 129, 144)"
guimaraes13PT,"rgb(224, 136, 155)"
JQTEIXElRA,"rgb(73, 181, 143)"
88gaels,"rgb(53, 182, 124)"
ContaratoSenado,"rgb(191, 156, 187)"
bela_reis,"rgb(232, 131, 148)"
carlossampaio_,"rgb(115, 179, 183)"
CesarGleyton,"rgb(50, 182, 122)"
HumbertoReisJr,"rgb(69, 181, 140)"
CmdoCMO,"rgb(82, 181, 152)"
Leonardomequi1,"rgb(53, 182, 125)"
Oficialluizlima,"rgb(64, 181, 135)"
elenalandau,"rgb(153, 178, 219)"
pharaujo85,"rgb(52, 182, 123)"
ToniBulhoes,"rgb(235, 129, 145)"
H1SaiaDaMatrix,"rgb(238, 127, 142)"
Mises_Brasil,"rgb(77, 181, 147)"
Drica_Patriota,"rgb(57, 182, 128)"
CorreiosBR,"rgb(159, 175, 217)"
CmdoCML,"rgb(84, 181, 154)"
guilherme_amado,"rgb(188, 158, 189)"
ricardoberzoini,"rgb(220, 138, 159)"
sgovpr,"rgb(114, 179, 182)"
marchezan_,"rgb(145, 178, 212)"
Danielhrs,"rgb(178, 164, 199)"
PauloBriguet,"rgb(53, 182, 124)"
UJSBRASIL,"rgb(230, 132, 149)"
SamuelSilvaFB,"rgb(241, 125, 139)"
brunagarcia_be,"rgb(54, 182, 125)"
ToniettoChris,"rgb(55, 182, 126)"
maria_fro,"rgb(235, 129, 145)"
tbaghdadi,"rgb(210, 144, 169)"
LucasdeAragao,"rgb(114, 179, 182)"
caleromarcelo,"rgb(166, 171, 210)"
orlandosilva,"rgb(220, 138, 159)"
cafecomkremlin,"rgb(207, 146, 172)"
brunocovas,"rgb(150, 178, 217)"
A_Flavinha_A,"rgb(57, 182, 128)"
PSBNacional40,"rgb(184, 160, 194)"
Sincero_Stalin,"rgb(52, 182, 123)"
embrapa,"rgb(133, 179, 200)"
JaniceAscari,"rgb(140, 179, 207)"
RubensNunesMBL,"rgb(82, 181, 152)"
AroldeOliveira,"rgb(92, 180, 162)"
ubesoficial,"rgb(227, 134, 152)"
lilian_tahan,"rgb(170, 169, 206)"
PescotapaDiario,"rgb(236, 128, 143)"
fernandokallas,"rgb(172, 167, 205)"
bolsonar0sempre,"rgb(54, 182, 125)"
tecomedina,"rgb(147, 178, 213)"
MariliaArraes,"rgb(229, 133, 150)"
Rgood68,"rgb(51, 182, 123)"
Sen_Alessandro,"rgb(108, 180, 177)"
NemFudendo7,"rgb(50, 182, 122)"
Mapa_Brasil,"rgb(94, 180, 163)"
ANPgovbr,"rgb(158, 176, 218)"
BohnGass,"rgb(231, 131, 148)"
VICENTINHOPT,"rgb(227, 134, 152)"
TiagoMitraud,"rgb(108, 180, 177)"
concei05,"rgb(51, 182, 123)"
ptbrasiI,"rgb(237, 127, 142)"
celsorussomanno,"rgb(150, 178, 216)"
democratas,"rgb(153, 178, 220)"
aldorebelo,"rgb(193, 154, 184)"
gospelprime,"rgb(109, 180, 177)"
apellegrino,"rgb(231, 132, 149)"
laurietecantora,"rgb(114, 179, 182)"
InstLiberal,"rgb(84, 181, 154)"
filipetrielli,"rgb(50, 182, 122)"
cmse_exercito,"rgb(81, 181, 151)"
AvenaComVc,"rgb(76, 181, 146)"
pablo_ortellado,"rgb(214, 142, 165)"
profeborto,"rgb(89, 180, 159)"
pauloeneas,"rgb(53, 182, 124)"
EnioMainardi,"rgb(60, 181, 131)"
enioverri,"rgb(229, 133, 150)"
Finep,"rgb(176, 165, 201)"
anavilarinol,"rgb(242, 125, 138)"
WRosarioCGU,"rgb(68, 181, 139)"
romerojuca,"rgb(157, 177, 219)"
GabbardoJoao,"rgb(147, 178, 213)"
drmarllao,"rgb(50, 182, 121)"
cosmemarcelo,"rgb(161, 174, 215)"
aruthcao,"rgb(66, 181, 137)"
contracorrentes,"rgb(238, 127, 142)"
Flordelismk,"rgb(130, 179, 197)"
stedile_mst,"rgb(240, 126, 140)"
DeniseCToledo8,"rgb(112, 180, 180)"
MonicaFPsol,"rgb(237, 128, 143)"
marinarossi,"rgb(220, 138, 159)"
juliacgc,"rgb(166, 171, 211)"
deppimentel,"rgb(85, 181, 155)"
Marceloalvaroan,"rgb(74, 181, 144)"
ThomasVConti,"rgb(180, 163, 197)"
CarlosZarattini,"rgb(227, 134, 153)"
casaruibarbosa,"rgb(186, 159, 191)"
brunoboghossian,"rgb(188, 158, 189)"
ayres_britto,"rgb(160, 175, 216)"
SmayMachado1,"rgb(51, 182, 122)"
AlexBRfour,"rgb(52, 182, 124)"
educardinal,"rgb(56, 182, 127)"
pedfig,"rgb(202, 149, 176)"
lidicedamata,"rgb(210, 144, 169)"
marciofrancasp,"rgb(173, 167, 204)"
EuDouglasBr,"rgb(54, 182, 125)"
helenachagas,"rgb(198, 151, 180)"
tvsenado,"rgb(171, 168, 206)"
carlosaviana,"rgb(112, 180, 180)"
DanielCoelho23,"rgb(116, 179, 184)"
glaubermacario,"rgb(227, 134, 152)"
nelsonhbarbosa,"rgb(215, 141, 163)"
SAIRDomBertrand,"rgb(54, 182, 126)"
BrunoEnglerDM,"rgb(58, 181, 129)"
igornatusch,"rgb(228, 133, 151)"
depwagnermontes,"rgb(160, 175, 216)"
jeffs_araujo35,"rgb(67, 181, 138)"
cesarmaia,"rgb(163, 173, 213)"
AFS_Andrada,"rgb(219, 139, 160)"
ALuizCosta,"rgb(235, 129, 145)"
joaoborges,"rgb(144, 178, 210)"
mendoncafilho,"rgb(130, 179, 198)"
rosa_riscala,"rgb(134, 179, 201)"
revistaazmina,"rgb(238, 127, 142)"
cadefeministas,"rgb(241, 125, 139)"
ThalesBH38,"rgb(49, 182, 121)"
canalCCore2,"rgb(51, 182, 123)"
vieneinpace,"rgb(231, 131, 148)"
AlineSleutjes,"rgb(63, 181, 134)"
tiamaoficial,"rgb(227, 134, 152)"
ratinho_jr,"rgb(112, 180, 181)"
fabiolacidral,"rgb(166, 171, 211)"
realrcoutinho,"rgb(181, 162, 196)"
_thalesnogueira,"rgb(211, 144, 168)"
andreawerner_,"rgb(226, 135, 153)"
heldersalomao,"rgb(231, 131, 148)"
annavirginia,"rgb(209, 145, 169)"
Boni_z,"rgb(50, 182, 122)"
IsaPennaPsol,"rgb(231, 131, 149)"
da_direita,"rgb(49, 182, 121)"
conradohubner,"rgb(211, 143, 167)"
rafapsoares,"rgb(216, 141, 163)"
jlbraga,"rgb(113, 180, 181)"
GenSantosCruz,"rgb(138, 179, 204)"
eumesmavivi0,"rgb(54, 182, 126)"
luciaguimaraes,"rgb(186, 159, 192)"
josefortunati,"rgb(173, 167, 204)"
EdmilsonPSOL,"rgb(224, 135, 155)"
Trensurb,"rgb(172, 168, 205)"
bemvindo_ator,"rgb(236, 128, 144)"
SenadoraSelma,"rgb(79, 181, 149)"
drunkeynesian,"rgb(170, 169, 207)"
SergiusAugustus,"rgb(218, 139, 161)"
MatiasSpektor,"rgb(202, 149, 176)"
traumann,"rgb(193, 155, 185)"
dataprev,"rgb(158, 176, 218)"
Casagrande_ES,"rgb(173, 167, 204)"
JulianaBrizola,"rgb(211, 143, 167)"
AndreaMatarazzo,"rgb(157, 177, 219)"
erosbiondini,"rgb(134, 179, 201)"
pizzolatto,"rgb(50, 182, 122)"
gustavofruet,"rgb(170, 169, 207)"
DepSanderson,"rgb(66, 181, 137)"
fpabramo,"rgb(239, 127, 141)"
mcfernandes,"rgb(199, 151, 179)"
CoronelTadeu,"rgb(71, 181, 141)"
levyfidelix,"rgb(118, 179, 186)"
lmonasterio,"rgb(155, 178, 221)"
ricksenra,"rgb(205, 147, 174)"
gurovitz,"rgb(156, 178, 220)"
emiliomoreno,"rgb(222, 137, 157)"
anaclaracosta,"rgb(181, 162, 196)"
ReginaldoLopes,"rgb(228, 133, 151)"
FabioClickTime,"rgb(48, 182, 120)"
SGPresidencia,"rgb(74, 181, 145)"
BelaMegale,"rgb(178, 164, 199)"
AlexisFonteyne,"rgb(92, 180, 161)"
FelipeAbal,"rgb(237, 128, 143)"
DepSostenes,"rgb(95, 180, 165)"
REDE_18,"rgb(186, 159, 192)"
OMercadoPopular,"rgb(142, 178, 209)"
biraiorio,"rgb(61, 181, 132)"
SenadorHeinze,"rgb(94, 180, 163)"
lcmbarros,"rgb(123, 179, 191)"
levantepopular,"rgb(241, 125, 139)"
Alice_Portugal,"rgb(222, 137, 157)"
depjorgesolla,"rgb(231, 131, 149)"
foradoeixo,"rgb(222, 137, 157)"
ErickRianelli,"rgb(206, 147, 173)"
utsch,"rgb(183, 161, 195)"
dorritharazim,"rgb(199, 151, 179)"
ANAgovbr,"rgb(167, 170, 209)"
PalmaresGovBr,"rgb(208, 145, 170)"
Eunicio,"rgb(162, 174, 214)"
AncineGovBr,"rgb(198, 152, 180)"
ANTT_oficial,"rgb(106, 180, 175)"
FelipeSalto,"rgb(170, 169, 207)"
PCBpartidao,"rgb(239, 126, 141)"
CarlosMoises,"rgb(139, 179, 206)"
CCambara2,"rgb(238, 127, 142)"
strauss_real,"rgb(170, 169, 207)"
pimentelminas,"rgb(205, 147, 173)"
ASachsida,"rgb(74, 181, 145)"
ThiagoGdeAragao,"rgb(118, 179, 186)"
canalmeio,"rgb(195, 153, 183)"
HeitorFreireCE,"rgb(69, 181, 140)"
andrearoeirap,"rgb(214, 142, 165)"
rigoni_felipe,"rgb(160, 175, 217)"
HBjornalista,"rgb(221, 138, 158)"
Eletrobras,"rgb(169, 170, 208)"
kelpslimaRN,"rgb(165, 172, 212)"
pedrolrossi,"rgb(225, 135, 154)"
Raul_Jungmann,"rgb(151, 178, 217)"
DerMagno,"rgb(156, 177, 220)"
VictorFerreira,"rgb(191, 156, 187)"
DFDanielFreitas,"rgb(62, 181, 133)"
nomelouco37,"rgb(238, 127, 142)"
tiriricanaweb,"rgb(144, 178, 211)"
gtinocolh,"rgb(165, 172, 211)"
cbaraodeitarare,"rgb(243, 124, 137)"
cassiagodoy,"rgb(160, 175, 216)"
EliseuPadilha,"rgb(149, 178, 215)"
DraManato,"rgb(68, 181, 139)"
ativismodesofa,"rgb(242, 125, 138)"
claudferraz,"rgb(192, 155, 186)"
paulambelmonte,"rgb(75, 181, 145)"
WRochaAssis,"rgb(221, 137, 158)"
BrunoCarazza,"rgb(174, 166, 202)"
adrianasounovo,"rgb(96, 180, 165)"
Teresa_Surita,"rgb(127, 179, 195)"
luizfalvesjr,"rgb(118, 179, 186)"
aassibarreto,"rgb(50, 182, 122)"
partidoverde,"rgb(179, 164, 199)"
leiladovolei,"rgb(115, 179, 183)"
vtorresfreire,"rgb(190, 156, 187)"
KatiaSastre,"rgb(67, 181, 137)"
Patrus_Ananias,"rgb(234, 130, 146)"
DanielCara,"rgb(230, 132, 149)"
joaofellet,"rgb(213, 142, 165)"
yashagallazzi,"rgb(100, 180, 169)"
GuyFranco,"rgb(140, 179, 207)"
Sen_Oriovisto,"rgb(89, 180, 158)"
SamPancher,"rgb(164, 173, 213)"
perpetua_acre,"rgb(224, 136, 155)"
pedromeletti,"rgb(194, 154, 183)"
renato_battista,"rgb(87, 180, 156)"
coalacroata,"rgb(241, 125, 139)"
viniciussexto,"rgb(54, 182, 125)"
BresserPereira,"rgb(222, 137, 157)"
leosiqueirabr,"rgb(128, 179, 196)"
joaocapi,"rgb(188, 158, 189)"
EduGiraoOficial,"rgb(84, 181, 153)"
Frases_RCampos,"rgb(103, 180, 171)"
barbaralobato,"rgb(166, 171, 210)"
GeanLoureiro,"rgb(165, 172, 212)"
AlonFe,"rgb(187, 158, 191)"
tassojereissati,"rgb(137, 179, 204)"
SenStyvenson,"rgb(90, 180, 160)"
VicenteSantini,"rgb(61, 181, 132)"
Olhar_Olimpico,"rgb(203, 149, 176)"
linobocchini,"rgb(235, 129, 144)"
uczai,"rgb(235, 129, 145)"
anacarla_abrao,"rgb(147, 178, 214)"
marcus_pestana,"rgb(131, 179, 198)"
rvitoria,"rgb(130, 179, 197)"
AfonsoFlorence,"rgb(228, 133, 152)"
efraimfilho,"rgb(151, 178, 217)"
JamesGBrasil,"rgb(110, 180, 178)"
GenPeternelli,"rgb(76, 181, 146)"
marciojerry,"rgb(209, 145, 169)"
Funasa,"rgb(173, 167, 203)"
RafaelGreca_,"rgb(154, 178, 220)"
SERPRO,"rgb(164, 173, 212)"
EduardoBraga_AM,"rgb(159, 176, 217)"
leomotta_ofc,"rgb(59, 181, 130)"
fbezerracoelho,"rgb(161, 174, 215)"
miltontemer,"rgb(226, 135, 153)"
tomfm_,"rgb(53, 182, 124)"
esperidiaoamin_,"rgb(117, 179, 185)"
Eymaeloficial,"rgb(153, 178, 219)"
MoreiraFranco,"rgb(156, 177, 220)"
rubenspereirajr,"rgb(204, 148, 174)"
CarlosLupiPDT,"rgb(217, 140, 162)"
pstu,"rgb(224, 136, 156)"
LuizianneLinsPT,"rgb(236, 129, 144)"
luizmarinhopt,"rgb(236, 128, 144)"
renatoroseno,"rgb(220, 138, 159)"
MiTrombelli,"rgb(164, 173, 213)"
generonumero,"rgb(233, 130, 147)"
jose_anibal,"rgb(145, 178, 212)"
DepSheridan,"rgb(130, 179, 197)"
mlfattorelli,"rgb(232, 131, 148)"
23rubensbueno,"rgb(126, 179, 194)"
senadorpaulor,"rgb(208, 145, 170)"
andrecaramante,"rgb(220, 138, 158)"
marceloramosam,"rgb(153, 178, 219)"
jilmartatto,"rgb(231, 131, 148)"
CentralSindical,"rgb(183, 161, 194)"
gilsonmarques30,"rgb(95, 180, 164)"
PabloCapile,"rgb(229, 133, 150)"
CFreitasR,"rgb(52, 182, 124)"
SenadorRogerio,"rgb(213, 142, 165)"
yurivs,"rgb(58, 181, 129)"
paulouebel,"rgb(85, 181, 154)"
passelivre_sp,"rgb(237, 128, 143)"
Radar_Politico_,"rgb(69, 181, 139)"
jorgeseif,"rgb(64, 181, 135)"
GeraldoJulioPSB,"rgb(171, 168, 205)"
IbaneisOficial,"rgb(152, 178, 218)"
ottoalencar,"rgb(171, 168, 206)"
dannielduque,"rgb(175, 166, 202)"
jeronimogoergen,"rgb(121, 179, 189)"
RicardoRoveran,"rgb(49, 182, 121)"
EconomiaSepec,"rgb(125, 179, 193)"
mineiroptrn,"rgb(204, 148, 174)"
dcohen104,"rgb(106, 180, 174)"
lucasvgonzalez,"rgb(98, 180, 167)"
MPT_PGT,"rgb(176, 165, 201)"
alencaramatos,"rgb(58, 181, 129)"
dep_padrejoao,"rgb(234, 130, 146)"
RenanFilho_,"rgb(177, 165, 200)"
deputadopeninha,"rgb(87, 180, 157)"
mamollica,"rgb(113, 180, 181)"
furnas,"rgb(171, 168, 205)"
da_cia,"rgb(90, 180, 159)"
russianbotbr,"rgb(46, 182, 118)"
SigaRoberto_,"rgb(130, 179, 198)"
ToffolettoCatia,"rgb(165, 172, 212)"
PauloCamara40,"rgb(186, 159, 191)"
ivan,"rgb(231, 132, 149)"
chico_dangelo,"rgb(228, 133, 152)"
rpsenador,"rgb(102, 180, 171)"
robsonboninjor,"rgb(161, 174, 216)"
Eduardo_Cury,"rgb(103, 180, 172)"
vortexmediabr,"rgb(183, 161, 194)"
Brubas,"rgb(51, 182, 122)"
jader_barbalho,"rgb(164, 172, 212)"
PauloTafner,"rgb(131, 179, 198)"
RenanPeixoto_,"rgb(193, 155, 185)"
Everaldo_20,"rgb(126, 179, 193)"
PlinioValerio45,"rgb(91, 180, 160)"
elizianegama,"rgb(167, 170, 209)"
CmdoCMP,"rgb(81, 181, 151)"
CamiloPSB,"rgb(181, 162, 197)"
dep_clarissa,"rgb(165, 172, 212)"
achinaglia,"rgb(224, 136, 156)"
Luciano_Cartaxo,"rgb(173, 167, 203)"
wevertonrocha,"rgb(188, 158, 189)"
PompeodeMattos,"rgb(194, 154, 184)"
andrepdt12,"rgb(200, 150, 178)"
harvardchick,"rgb(202, 149, 176)"
Joao_P_Romero,"rgb(216, 141, 163)"
nelsonpelegrino,"rgb(217, 140, 162)"
JoeniaWapichana,"rgb(225, 135, 154)"
samuelmoreira,"rgb(125, 179, 192)"
jorginhomello,"rgb(107, 180, 176)"
AlencarBraga13,"rgb(237, 128, 143)"
cicerolucena,"rgb(165, 172, 211)"
_luizdocarmo,"rgb(76, 181, 146)"
VPCRelator,"rgb(118, 179, 186)"
wdiaspi,"rgb(198, 152, 180)"
dep_paulinho,"rgb(173, 167, 203)"
firmino_filho,"rgb(174, 166, 203)"
DuarteJr_,"rgb(185, 160, 193)"
CmdoCMN1,"rgb(75, 181, 145)"
guilherme_afif,"rgb(155, 178, 221)"
venezianovital,"rgb(170, 169, 207)"
senadorjean,"rgb(200, 150, 178)"
csjt_oficial,"rgb(166, 171, 210)"
AlexManente23,"rgb(101, 180, 170)"
A_Mastrocinque,"rgb(112, 180, 180)"
passapalavra,"rgb(237, 128, 143)"
andregordon73,"rgb(89, 180, 158)"
manoeljunior,"rgb(168, 170, 209)"
dinho_2010,"rgb(48, 182, 119)"
prof_rosaneide,"rgb(238, 127, 142)"
soudaniella111,"rgb(151, 178, 217)"
EPE_Brasil,"rgb(171, 168, 205)"
Heitor_Ferrer,"rgb(177, 164, 200)"
marciombittar,"rgb(78, 181, 148)"
senadorpetecao,"rgb(139, 179, 206)"
Vanderlan_VC,"rgb(120, 179, 188)"
FilipeMenezes31,"rgb(50, 182, 122)"
Gusgayer,"rgb(56, 182, 127)"
Daniel_PCdoB,"rgb(216, 140, 163)"
EnapGovBr,"rgb(159, 175, 217)"
IzalciLucas,"rgb(112, 180, 180)"
Adriana_Accorsi,"rgb(225, 135, 155)"
RRytenband,"rgb(107, 180, 175)"
depmarcelonilo,"rgb(196, 153, 182)"
EHolandaJr,"rgb(186, 159, 192)"
walteralvesrn,"rgb(162, 174, 215)"
delmartharocha,"rgb(202, 149, 177)"
capitaoassumcao,"rgb(107, 180, 175)"
gioschpe,"rgb(158, 176, 218)"
ciro_nogueira,"rgb(162, 174, 215)"
pedro_lupion,"rgb(93, 180, 162)"
HermanoMorais,"rgb(162, 174, 214)"
felipecarreras,"rgb(163, 173, 214)"
PatriciaLFerraz,"rgb(78, 181, 149)"
NiltoTatto,"rgb(234, 129, 145)"
depleomonteiro,"rgb(231, 131, 148)"
joaoderly,"rgb(165, 172, 211)"
ArnsFlavio,"rgb(104, 180, 173)"
depmarcon,"rgb(228, 133, 152)"
zemaria_pstu,"rgb(219, 138, 159)"
ValadaresPSB,"rgb(177, 164, 200)"
f_trad,"rgb(170, 169, 207)"
ruipalmeira,"rgb(162, 174, 214)"
BiradoPindare,"rgb(194, 154, 183)"
LenildaLuna,"rgb(225, 135, 154)"
darioberger,"rgb(110, 180, 179)"
darcisioperondi,"rgb(146, 178, 212)"
LucianoRezende,"rgb(170, 169, 207)"
JulianLemosopb1,"rgb(98, 180, 167)"
Alceu_Moreira,"rgb(141, 179, 208)"
STM_Oficial,"rgb(104, 180, 172)"
pedroocl,"rgb(139, 179, 205)"
humorphobe,"rgb(82, 181, 152)"
NA,"rgb(192, 156, 186)"
capitao_wagner,"rgb(93, 180, 163)"
marcospereira04,"rgb(148, 178, 214)"
joao_arruda,"rgb(175, 166, 202)"
oliviasantana65,"rgb(223, 136, 156)"
RodrigoCunhaAL,"rgb(142, 178, 208)"
paulaodopt,"rgb(232, 131, 148)"
CJF_oficial,"rgb(154, 178, 220)"
DepBrunaFurlan,"rgb(157, 177, 219)"
CinthiaCRibeiro,"rgb(162, 173, 214)"
depruycarneiro,"rgb(167, 171, 210)"
DepValmir,"rgb(234, 130, 146)"
depzeneto,"rgb(210, 144, 169)"
AuditoriaCidada,"rgb(229, 133, 150)"
vanderleimacris,"rgb(141, 179, 208)"
mangabeiraunger,"rgb(209, 145, 169)"
joaoazevedolins,"rgb(186, 159, 192)"
nilmariomiranda,"rgb(230, 132, 149)"
MarcioMacedoPT,"rgb(211, 143, 167)"
angelocoronel_,"rgb(146, 178, 212)"
Baleia_Rossi,"rgb(152, 178, 218)"
DelegadoPablo_,"rgb(80, 181, 150)"
MarcosTroyjo,"rgb(104, 180, 172)"
republicanos10,"rgb(155, 178, 221)"
SebastiaoMelo,"rgb(165, 172, 211)"
depjoaomaia,"rgb(169, 170, 208)"
GuilhermeMussi,"rgb(159, 176, 217)"
Domingos_Neto,"rgb(166, 171, 210)"
ptb14,"rgb(135, 179, 202)"
LucianoDucci,"rgb(161, 175, 216)"
DeputadaMariana,"rgb(127, 179, 195)"
delegado_waldir,"rgb(92, 180, 161)"
pedropaulo,"rgb(166, 171, 210)"
RubensOtoni,"rgb(207, 146, 172)"
AndreJanonesAdv,"rgb(149, 178, 216)"
BBSeguros,"rgb(167, 170, 209)"
ZeRicardoAM,"rgb(194, 154, 184)"
CarlosAlbertoFM,"rgb(189, 157, 188)"
DeputadoBacelar,"rgb(184, 160, 194)"
SenadoraRose,"rgb(133, 179, 200)"
joaocamposdep,"rgb(141, 179, 208)"
diegogarciapr,"rgb(72, 181, 143)"
FaleiroAirton,"rgb(236, 128, 144)"
joselevi,"rgb(69, 181, 140)"
OmarAzizPSD,"rgb(146, 178, 212)"
TelmarioMotaRR,"rgb(149, 178, 215)"
profmarcivania,"rgb(210, 144, 169)"
gervasiomaia,"rgb(179, 163, 198)"
BetoFaroPT,"rgb(229, 132, 150)"
JoaoCampos,"rgb(200, 150, 178)"
MarcosDegaut,"rgb(60, 181, 131)"
neyleprevost,"rgb(152, 178, 218)"
Silvio_CFilho,"rgb(169, 169, 207)"
pscnacional,"rgb(133, 179, 201)"
marceloaro,"rgb(135, 179, 202)"
DepArthurMaia,"rgb(163, 173, 213)"
filipesabara,"rgb(94, 180, 163)"
elmanoferrer,"rgb(133, 179, 200)"
alielmachado,"rgb(203, 148, 175)"
Valadares_Filho,"rgb(178, 164, 199)"
MailzaGomes,"rgb(90, 180, 159)"
RaoniMendes,"rgb(165, 172, 211)"
ArnaldoJardim,"rgb(151, 178, 217)"
mario_heringer,"rgb(193, 155, 185)"
assis_carvalho,"rgb(218, 139, 161)"
deppauloguedes,"rgb(205, 147, 173)"
sarneyfilho,"rgb(180, 163, 197)"
lincoln_portela,"rgb(144, 178, 211)"
soufredluz,"rgb(105, 180, 173)"
RicardoBarrosPP,"rgb(157, 177, 219)"
acirgurgacz,"rgb(159, 176, 217)"
valtern,"rgb(130, 179, 197)"
Virmondes,"rgb(161, 174, 215)"
ProfIsrael,"rgb(179, 163, 198)"
PaivaNOVO,"rgb(103, 180, 172)"
giovanicherini,"rgb(166, 172, 211)"
bozzellajr,"rgb(102, 180, 171)"
StephanesJr,"rgb(121, 179, 189)"
IdilvanAlencar,"rgb(218, 139, 161)"
depjuliodelgado,"rgb(174, 166, 202)"
ppdpsd,"rgb(167, 171, 210)"
mauro_bfilho,"rgb(208, 146, 171)"
RodrigoCastro45,"rgb(154, 178, 220)"
WilsonSantiago_,"rgb(170, 169, 207)"
MarceloLelis,"rgb(169, 170, 208)"
carlosveraspt,"rgb(233, 130, 146)"
wilsonlimaAM,"rgb(144, 178, 211)"
LaercioFederal,"rgb(175, 166, 202)"
chicopreto_am,"rgb(150, 178, 216)"
JoseAirtonPT,"rgb(215, 141, 163)"
HelioCosta15,"rgb(185, 159, 192)"
celinaleao,"rgb(151, 178, 218)"
elcionepmdb,"rgb(174, 166, 203)"
nelsinhotrad,"rgb(137, 179, 204)"
goura_nataraj,"rgb(212, 143, 166)"
RaulHenry,"rgb(169, 169, 208)"
HugoMottaPB,"rgb(164, 172, 212)"
valec_ferrovias,"rgb(87, 180, 157)"
josiasgomesba,"rgb(219, 139, 160)"
LucasRedecker,"rgb(142, 178, 208)"
miltonseligman,"rgb(168, 170, 209)"
freianastaciopt,"rgb(237, 128, 143)"
depHugoLeal,"rgb(160, 175, 216)"
MarcosRogerio,"rgb(103, 180, 172)"
mello_bandeira,"rgb(160, 175, 217)"
vanderloubet,"rgb(203, 148, 175)"
brunoreisba,"rgb(173, 167, 203)"
prefalvaro45,"rgb(162, 174, 215)"
irajasenador,"rgb(157, 177, 219)"
FabioHenriqueSE,"rgb(183, 161, 195)"
RafaelMottaRN,"rgb(168, 170, 208)"
fernandofilhope,"rgb(159, 176, 217)"
waldenorpereira,"rgb(228, 133, 151)"
EduardoGomesTO,"rgb(132, 179, 199)"
rodrigoagost,"rgb(179, 163, 198)"
lelocoimbra_,"rgb(163, 173, 214)"
ImprensaBNB,"rgb(189, 157, 189)"
MessinaOficial,"rgb(167, 171, 210)"
Gustavo_Paim,"rgb(142, 178, 209)"
sen_wellington,"rgb(152, 178, 218)"
belivaldochagas,"rgb(186, 159, 192)"
JHC_40,"rgb(156, 177, 220)"
confuciomoura,"rgb(150, 178, 216)"
CelioMouraTO,"rgb(232, 131, 147)"
funaioficial,"rgb(184, 161, 194)"
DepCaetano,"rgb(224, 136, 155)"
iracemaportela,"rgb(171, 168, 206)"
SimplicioAraujo,"rgb(184, 160, 194)"
FelixMendoncaJr,"rgb(189, 157, 189)"
verapstu,"rgb(209, 145, 170)"
ANEEL_govbr,"rgb(137, 179, 204)"
fabiojuniorup,"rgb(237, 128, 143)"
MajorDenice,"rgb(233, 130, 147)"
ANTAQ_oficial,"rgb(96, 180, 165)"
marina_helou,"rgb(195, 153, 183)"
renildo,"rgb(219, 139, 160)"
DomingosSavioMG,"rgb(152, 178, 218)"
joseildoramos,"rgb(229, 132, 150)"
LuisTibeOficial,"rgb(171, 168, 206)"
geovaniadesa,"rgb(133, 179, 200)"
franciscojr_go,"rgb(154, 178, 220)"
coelho_rodrigo,"rgb(146, 178, 213)"
capitaoXaugusto,"rgb(83, 181, 153)"
EliasVazGyn,"rgb(175, 165, 201)"
HCPA_,"rgb(170, 169, 207)"
odaircunhamg,"rgb(228, 133, 151)"
Dep_ZeCarlosPT,"rgb(227, 134, 152)"
rejane_dias,"rgb(193, 155, 185)"
waldezoficial,"rgb(172, 168, 205)"
profdorinha,"rgb(169, 169, 207)"
LTrutis,"rgb(75, 181, 146)"
Reinaldo45psdb,"rgb(144, 178, 211)"
IrisRezendeM,"rgb(158, 176, 218)"
Conab_Oficial,"rgb(144, 178, 211)"
DelegadoFurtado,"rgb(78, 181, 148)"
DonizetiPT,"rgb(190, 156, 188)"
ebserh,"rgb(120, 179, 188)"
FredCosta5133,"rgb(153, 178, 219)"
marciobiolchi,"rgb(163, 173, 214)"
depnicoletti,"rgb(83, 181, 153)"
WolneyQueirozM,"rgb(191, 156, 187)"
eduardodafonte,"rgb(172, 168, 205)"
HarzheimErno,"rgb(152, 178, 218)"
Hilton_Coelho,"rgb(223, 136, 156)"
zenaldocoutinho,"rgb(162, 174, 215)"
DF_PauloFreire,"rgb(141, 179, 208)"
dep_alinegurgel,"rgb(160, 175, 216)"
ViniMiguel23,"rgb(194, 154, 184)"
dep_geraldo,"rgb(161, 175, 216)"
MajorAraujo17,"rgb(152, 178, 219)"
netoevangelista,"rgb(186, 159, 191)"
depflaviamorais,"rgb(169, 169, 207)"
BocaAbertaOf,"rgb(79, 181, 149)"
depgurgel,"rgb(88, 180, 157)"
SandroAlex5555,"rgb(159, 175, 217)"
mauricioptbrs,"rgb(151, 178, 217)"
maguitovilela15,"rgb(167, 171, 210)"
Marcelobrumdep,"rgb(62, 181, 133)"
TiagoAndrino,"rgb(170, 169, 206)"
DepJefferson,"rgb(138, 179, 205)"
RenataAbreu1919,"rgb(143, 178, 209)"
BetoRosado,"rgb(162, 173, 214)"
DepLuizCarlos,"rgb(162, 174, 214)"
eduardobarbosa_,"rgb(160, 175, 217)"
GiovaniFeltes,"rgb(160, 175, 217)"
pauloabiackel,"rgb(157, 177, 219)"
dep_santini,"rgb(155, 178, 221)"
nereucrispim,"rgb(100, 180, 169)"
DepDaniloForte,"rgb(161, 174, 216)"
DelegadoFreitas,"rgb(88, 180, 157)"
CacaLeao,"rgb(180, 163, 197)"
depdarcidematos,"rgb(156, 177, 220)"
docasdorio,"rgb(101, 180, 170)"
AdrianoSarney,"rgb(161, 174, 215)"
curtaClecioLuis,"rgb(166, 171, 210)"
DepRosanaValle,"rgb(95, 180, 164)"
cajdacosta,"rgb(106, 180, 174)"
pedrowestphalen,"rgb(165, 172, 211)"
Josiel25_,"rgb(160, 175, 217)"
fabio_novo,"rgb(189, 157, 189)"
MarceloCastroPI,"rgb(153, 178, 219)"
fabioreis1515,"rgb(185, 159, 192)"
depfmitidieri,"rgb(183, 161, 194)"
dagobertopdt,"rgb(179, 164, 198)"
DepJulioCesarPI,"rgb(172, 168, 205)"
prof_juniorgeo,"rgb(162, 174, 214)"
Carlos_Gaguim,"rgb(155, 178, 221)"
cezarleiteofc,"rgb(60, 181, 131)"
dracristinaGO,"rgb(177, 165, 200)"
HeitorSchuch,"rgb(175, 165, 202)"
LizianeBayer,"rgb(157, 177, 219)"
FServio,"rgb(106, 180, 174)"
dep_acoutinho,"rgb(168, 170, 208)"
DeputadoFoletto,"rgb(175, 166, 202)"
silascamara_,"rgb(150, 178, 216)"
anisiomaiapt,"rgb(191, 156, 186)"
oifranklin,"rgb(203, 149, 175)"
pradoweliton,"rgb(183, 161, 194)"
DepAfonsoHamm,"rgb(160, 175, 217)"
danielzendoacre,"rgb(211, 144, 168)"
Furtado_PRF,"rgb(88, 180, 158)"
Prof_Elson50,"rgb(221, 137, 158)"
AcacioFavacho,"rgb(163, 173, 213)"
jeisael_,"rgb(195, 154, 183)"
josemaranhaopb,"rgb(149, 178, 216)"
depjosenelto,"rgb(141, 179, 207)"
maurocarlesse,"rgb(152, 178, 218)"
solidariedadeBR,"rgb(170, 169, 207)"
luisa_canziani,"rgb(126, 179, 193)"
afonso_motta,"rgb(182, 161, 195)"
charllesevg,"rgb(87, 180, 157)"
marcelobluma43,"rgb(152, 178, 218)"
zenaidern,"rgb(205, 147, 173)"
wadson_ribeiro,"rgb(223, 136, 156)"
sartoprefeito12,"rgb(200, 150, 178)"
GustinhoRibeiro,"rgb(181, 162, 196)"
Alan_Rick,"rgb(154, 178, 220)"
dulcemiranda_to,"rgb(158, 176, 218)"
dpmarciomarinho,"rgb(175, 166, 202)"
DepJuscelino,"rgb(160, 175, 216)"
SESAI_MS,"rgb(197, 152, 181)"
dryglesio,"rgb(181, 162, 196)"
deputadocajado,"rgb(157, 177, 219)"
DepValtenir,"rgb(173, 167, 204)"
HalpherLuiggi,"rgb(50, 182, 121)"
ProfMarcosPT,"rgb(172, 168, 205)"
vicentinhojr,"rgb(161, 174, 215)"
MarcoBertaiolli,"rgb(145, 178, 212)"
PedroKemp,"rgb(194, 154, 184)"
robertodelucena,"rgb(139, 179, 206)"
RicardoIzar,"rgb(157, 177, 219)"
_sergiosouza,"rgb(168, 170, 208)"
EvairdeMelo,"rgb(146, 178, 213)"
ChristianeYared,"rgb(149, 178, 215)"
MargaretCoelho,"rgb(178, 164, 199)"
deputadohiran,"rgb(144, 178, 211)"
LucasBarreto_AP,"rgb(125, 179, 193)"
cel_armando,"rgb(68, 181, 139)"
professorjoziel,"rgb(83, 181, 153)"
prtboficial,"rgb(150, 178, 217)"
TrzeciakDaniel,"rgb(153, 178, 219)"
CGTEletrosul,"rgb(168, 170, 208)"
cyro16,"rgb(224, 136, 155)"
lexandreleite,"rgb(128, 179, 195)"
DepNilsonPinto,"rgb(179, 163, 198)"
sorayasantos,"rgb(114, 179, 182)"
boscosaraiva,"rgb(143, 178, 210)"
ArthurLira_,"rgb(150, 178, 216)"
_ALEXANDER_BR,"rgb(69, 181, 139)"
meciasdejesus,"rgb(130, 179, 197)"
CovattiFilho,"rgb(153, 178, 219)"
gastaodvieira,"rgb(189, 157, 189)"
namychequer,"rgb(191, 156, 187)"
Altineu,"rgb(170, 169, 207)"
capalbertoneto,"rgb(88, 180, 158)"
CelioStudart,"rgb(165, 172, 211)"
MerlongSolano,"rgb(190, 156, 187)"
ediolopes,"rgb(159, 176, 217)"
LuisMirandaUSA,"rgb(90, 180, 159)"
carloschiodini,"rgb(151, 178, 217)"
ZeSilva_,"rgb(168, 170, 208)"
ricardonicolau,"rgb(150, 178, 216)"
joaoromaneto,"rgb(130, 179, 197)"
paulolemos500,"rgb(175, 166, 202)"
lafayetteandrad,"rgb(157, 177, 219)"
LourivalGomesrj,"rgb(89, 180, 159)"
joseleonidas,"rgb(195, 153, 182)"
CPRM_Oficial,"rgb(148, 178, 214)"
depcelsosabino,"rgb(165, 172, 211)"
maldaner_celso,"rgb(150, 178, 216)"
LeurLomantoJr,"rgb(179, 163, 198)"
celsinhocotrim,"rgb(199, 151, 179)"
DepVitorLippi,"rgb(154, 178, 220)"
LuizNishimori,"rgb(146, 178, 212)"
silvioantonioma,"rgb(116, 179, 184)"
charbelnovo,"rgb(99, 180, 168)"
LPCferraz,"rgb(121, 179, 189)"
depdavitoria,"rgb(170, 169, 206)"
MinistroRJN,"rgb(223, 136, 156)"
LinobergAlmeida,"rgb(177, 165, 200)"
RochaHildorocha,"rgb(154, 178, 220)"
AluisioMendesMA,"rgb(155, 178, 221)"
Carloshbfavaro,"rgb(156, 177, 220)"
jhonatan_djesus,"rgb(151, 178, 217)"
PauloAzi,"rgb(177, 165, 200)"
depstefano,"rgb(129, 179, 197)"
sidneyleite_,"rgb(144, 178, 211)"
newton1510,"rgb(156, 178, 220)"
geninhozuliani,"rgb(135, 179, 202)"
gilcutrim,"rgb(189, 157, 188)"
fernandogiacobo,"rgb(141, 178, 208)"
neneupinheiro,"rgb(162, 174, 214)"
danilocabral_,"rgb(204, 148, 174)"
eduardobismarck,"rgb(191, 156, 187)"
senadorlobao,"rgb(148, 178, 215)"
Jarbas156,"rgb(134, 179, 201)"
MauroMendes40,"rgb(148, 178, 214)"
Cassio_4011,"rgb(183, 161, 194)"
DepGenecias,"rgb(164, 172, 212)"
SouEduardo33,"rgb(169, 169, 207)"
codevasf,"rgb(92, 180, 161)"
Esacheu,"rgb(148, 178, 215)"
ZeMarioGO,"rgb(146, 178, 212)"
alexispedrao,"rgb(226, 135, 154)"
christinoaureo,"rgb(173, 167, 204)"
celmarcosrocha,"rgb(84, 181, 154)"
roman_evandro,"rgb(154, 178, 220)"
EdilazioJunior_,"rgb(77, 181, 147)"
tolentinomg,"rgb(159, 176, 217)"
luizaogoulart,"rgb(169, 169, 208)"
rosangelasgomes,"rgb(163, 173, 213)"
depaguinaldo11,"rgb(153, 178, 219)"
infraestrutura,"rgb(157, 177, 219)"
rdnarede,"rgb(110, 180, 179)"
josimarPL22,"rgb(147, 178, 214)"
_GutembergReis,"rgb(107, 180, 175)"
AmazoninoAM,"rgb(160, 175, 217)"
Robotox,"rgb(232, 131, 147)"
OssesioSilva,"rgb(178, 164, 199)"
afraniomiranda,"rgb(170, 169, 207)"
Funpresp,"rgb(162, 174, 214)"
antoniodenarium,"rgb(124, 179, 191)"
herculanopassos,"rgb(156, 177, 220)"
FrancoCartafina,"rgb(148, 178, 214)"
PauloOpuszka13,"rgb(241, 125, 139)"
aroldomartins,"rgb(145, 178, 212)"
depmfernandes,"rgb(156, 177, 220)"
priante,"rgb(156, 177, 220)"
DepFederalMoses,"rgb(161, 174, 216)"
AureoRibeiroRJ,"rgb(143, 178, 210)"
luizlaurofilho,"rgb(169, 170, 208)"
carlosgomesdep,"rgb(143, 178, 209)"
Schiavinato_,"rgb(151, 178, 217)"
DepAndreFufuca,"rgb(159, 175, 217)"
LucasVergilioGO,"rgb(148, 178, 214)"
bulhoesjr,"rgb(178, 164, 199)"
casadamoedabr,"rgb(100, 180, 169)"
Drdamiaof,"rgb(184, 160, 193)"
depmarrecafilho,"rgb(124, 179, 192)"
subgonzagamg,"rgb(157, 177, 220)"
WladGarotinho,"rgb(155, 178, 221)"
ZequinhaMarinho,"rgb(110, 180, 178)"
AleSerfiotis,"rgb(138, 179, 205)"
JulioCesarRib,"rgb(127, 179, 195)"
pastorgil_,"rgb(119, 179, 187)"
VIRGULINOLAMPI2,"rgb(61, 181, 132)"
DanielaWaguinho,"rgb(131, 179, 198)"
CleberVerde10,"rgb(163, 173, 214)"
netto_expedito,"rgb(151, 178, 217)"
jqcassol,"rgb(131, 179, 199)"
EduardoBraide,"rgb(170, 169, 207)"
mazinhoanjos,"rgb(154, 178, 220)"
deputado_marlon,"rgb(174, 166, 203)"
amaronetotv,"rgb(120, 179, 188)"
gilbertoabramo,"rgb(156, 177, 220)"
Jorge_Braz,"rgb(161, 174, 215)"
deppauloramosrj,"rgb(208, 145, 170)"
drluizantoniojr,"rgb(133, 179, 200)"
RafaelFreirePB,"rgb(201, 150, 177)"
fernandoborjabh,"rgb(96, 180, 166)"
DavidAlmeidaAM,"rgb(163, 173, 213)"
glaustindafokus,"rgb(138, 179, 205)"
oficialigortimo,"rgb(102, 180, 170)"
depPedroLucasF,"rgb(155, 178, 221)"
tiago_dimas,"rgb(139, 179, 206)"
deputadotoninho,"rgb(172, 167, 204)"
alyssonlimanoar,"rgb(154, 178, 220)"
zachariascalil,"rgb(161, 174, 215)"
epl_br,"rgb(108, 180, 176)"
nelsonbarbudo,"rgb(55, 182, 127)"
cleberPSTU,"rgb(224, 136, 155)"
CODERN,"rgb(155, 178, 221)"
emanuelzinhomt,"rgb(141, 178, 208)"
vidigalsergio,"rgb(174, 166, 203)"
alan_barbiero,"rgb(163, 173, 214)"
hemobras_MS,"rgb(180, 163, 197)"
betopereirams,"rgb(142, 178, 208)"
marquinhostrad_,"rgb(145, 178, 212)"
drluizovando,"rgb(66, 181, 137)"
depjpassarinho,"rgb(165, 172, 211)"
pedraoprefeito,"rgb(157, 177, 219)"
DepEneiasReis,"rgb(88, 180, 158)"
rosemodestoms,"rgb(137, 179, 204)"
filippellireal,"rgb(149, 178, 215)"
deputadoatila,"rgb(160, 175, 216)"
coronelfeitosa,"rgb(163, 173, 213)"
PastorEurico,"rgb(135, 179, 202)"
JoseNunesDep,"rgb(178, 164, 199)"
joaodanielPT,"rgb(229, 132, 150)"
lucineidepsol,"rgb(228, 133, 152)"
NeuzaOliveiraES,"rgb(172, 168, 205)"
BrazaoChiquinho,"rgb(111, 180, 179)"
falecomvinicius,"rgb(160, 175, 217)"
mariarosassp,"rgb(138, 179, 205)"
adrianodobaldy,"rgb(124, 179, 192)"
comunicaGHC,"rgb(163, 173, 213)"
leonardorolim,"rgb(122, 179, 190)"
jaziel_dr,"rgb(54, 182, 125)"
marxbeltrao,"rgb(164, 172, 212)"
MiltonVieiraOfc,"rgb(157, 177, 219)"
depluizantonio,"rgb(125, 179, 192)"
julio_flores,"rgb(218, 140, 161)"
voteminoru45,"rgb(167, 171, 210)"
arthurboavista,"rgb(149, 178, 215)"
Czmadureira,"rgb(123, 179, 191)"
DrJoaoNovo,"rgb(115, 179, 183)"
dep_eduardo,"rgb(183, 161, 194)"
LucioFMRocha,"rgb(111, 180, 179)"
JuninhodoPneu,"rgb(129, 179, 196)"
DMiguellombardi,"rgb(138, 179, 205)"
PriscoBezerra,"rgb(195, 154, 183)"
LedaSadala,"rgb(144, 178, 211)"
DeputadaAngela,"rgb(130, 179, 197)"
Heliooliveirarn,"rgb(75, 181, 145)"
BiaCavassa,"rgb(125, 179, 192)"
DrFredericoMG,"rgb(122, 179, 189)"
WendelProfessor,"rgb(139, 179, 206)"
ZBoni2,"rgb(71, 181, 141)"
DrLeonardomt,"rgb(125, 179, 193)"
BARRETO_LUISA,"rgb(123, 179, 190)"
tedcontioficial,"rgb(168, 170, 208)"
Dep_LeoMoraes,"rgb(141, 178, 208)"
AzevedoCoronel,"rgb(154, 178, 220)"
KleberMontezuma,"rgb(167, 171, 210)"
TadeuAlencarPE,"rgb(190, 157, 188)"
Ceagesp_Oficial,"rgb(156, 178, 220)"
PauloBengtson,"rgb(162, 174, 215)"
benesleocadiorn,"rgb(166, 171, 210)"
drpessoa,"rgb(185, 159, 192)"
FederalFelicio,"rgb(116, 179, 184)"
fabiorr50,"rgb(193, 155, 185)"
PedroABezerra,"rgb(162, 174, 214)"
Fausto_Pinato,"rgb(109, 180, 177)"
denisbezerra,"rgb(183, 161, 194)"
DelDaniGarcia,"rgb(169, 169, 207)"
Ramon_Cujui,"rgb(233, 130, 146)"
ronaldocarletto,"rgb(164, 173, 212)"
orlandosilvasc,"rgb(106, 180, 175)"
joaoalmeidapb,"rgb(166, 171, 211)"
NivaldoAlbuque,"rgb(169, 170, 208)"
valeriapsol50,"rgb(242, 124, 138)"
JuniorManoDep,"rgb(157, 177, 219)"
BoscoCosta_SE,"rgb(172, 168, 205)"
romeroreis30,"rgb(94, 180, 163)"
Nuclep,"rgb(150, 178, 217)"
vavamartinspa,"rgb(152, 178, 218)"
flavionpi,"rgb(181, 162, 196)"
SilveiraGuaracy,"rgb(57, 182, 128)"
titodepfederal,"rgb(184, 160, 193)"
fernandopintorn,"rgb(112, 180, 181)"
MofattoMagda,"rgb(85, 181, 155)"
majordiegomelo,"rgb(65, 181, 136)"
CelAlfredo,"rgb(119, 179, 187)"
mararocha4545,"rgb(129, 179, 196)"
OLIVALMARQUES,"rgb(177, 164, 200)"
CoronelNylton,"rgb(111, 180, 179)"
CiaDocasBa,"rgb(157, 177, 219)"
RobertoAlves_10,"rgb(161, 174, 215)"
herciliodiniz,"rgb(137, 179, 204)"
ValdevanNoventa,"rgb(183, 161, 194)"
OttoAlencarFilh,"rgb(194, 154, 183)"
pinheirinhomg,"rgb(159, 175, 217)"
davidbrsoares,"rgb(104, 180, 173)"
jesussergioac,"rgb(167, 171, 209)"
fmonteiroPE,"rgb(157, 177, 219)"
zevitor_mg,"rgb(157, 177, 219)"
silviacristinax,"rgb(185, 160, 193)"
senadorchico,"rgb(134, 179, 201)"
ProfessorAnizio,"rgb(236, 128, 143)"
jbazolli,"rgb(169, 169, 207)"
EuclydesPetter,"rgb(142, 178, 208)"
fabioabreuofc,"rgb(154, 178, 220)"
Manujacobpsol,"rgb(236, 128, 143)"
DelegadoEguchi,"rgb(76, 181, 147)"
VandaMonteiro_,"rgb(140, 179, 207)"
BarisonGil,"rgb(134, 179, 202)"
rudsonleite,"rgb(159, 176, 217)"
EdilmaFreire_,"rgb(186, 159, 192)"
TiaoBocalom,"rgb(171, 168, 206)"
depbilacpinto,"rgb(141, 179, 208)"
deputadoelmar,"rgb(122, 179, 190)"
MarcosA_Sampaio,"rgb(158, 176, 218)"
gloriaheloiza,"rgb(143, 178, 209)"
samuelalmeida_,"rgb(150, 178, 216)"
RicardoSilvaRP,"rgb(152, 178, 219)"
HertzDias,"rgb(228, 133, 151)"
MarceloAmil,"rgb(196, 153, 182)"
prof_gianfranco,"rgb(192, 155, 186)"
AmazulDefesa,"rgb(101, 180, 170)"
chaves_hildon,"rgb(170, 169, 206)"
depalexsantana,"rgb(185, 160, 193)"
JaymeCampos251,"rgb(111, 180, 179)"
28marcoaurelio,"rgb(89, 180, 158)"
raimundocostaba,"rgb(142, 178, 208)"
henriquecatan,"rgb(142, 178, 209)"
basa_oficial,"rgb(142, 178, 209)"
sergioharfouch,"rgb(80, 181, 150)"
paulohgrando,"rgb(99, 180, 168)"
rosalia_psturn,"rgb(238, 127, 142)"
OttaciRR,"rgb(154, 178, 220)"
lucianocastrolc,"rgb(183, 161, 194)"
Vilsondafetaemg,"rgb(210, 144, 169)"
greyceelias,"rgb(136, 179, 203)"
sen_luizpastore,"rgb(119, 179, 187)"
CEASA_MG,"rgb(186, 159, 191)"
gerlanebaccarin,"rgb(153, 178, 219)"
10ronaldomartin,"rgb(156, 177, 220)"
SenMariadoCarmo,"rgb(85, 181, 155)"
Montserrat_43,"rgb(196, 153, 182)"
FlaviaArrudaDF,"rgb(207, 146, 171)"
paulomarcio75,"rgb(183, 161, 194)"
Charles_Federal,"rgb(187, 158, 190)"
MyNews,"rgb(184, 160, 194)"
bt-128372940,url(#nm128372940)
bt-131574396,url(#nm131574396)
bt-74756085,url(#nm74756085)
bt-105155795,url(#nm105155795)
bt-42629261,url(#nm42629261)
bt-357030742,url(#nm357030742)
bt-25577585,url(#nm25577585)